id,IMG,NAME ,M_DESCRIPTION,PRICE ,M_STATUS ,RESTAURANT_ID ,CREATED_DATE ,LAST_MODIFIED 
1,http://dummyimage.com/121x100.png/5fa2dd/ffffff,Bradney Burkitt,"Drainage of Facial Muscle, Open Approach, Diagnostic",305,false,577,1/23/2021,8/12/2021
2,http://dummyimage.com/237x100.png/5fa2dd/ffffff,Sabine Denerley,"Repair Left Upper Lobe Bronchus, Percutaneous Endoscopic Approach",243,false,986,8/6/2021,6/7/2021
3,http://dummyimage.com/176x100.png/5fa2dd/ffffff,Brigitta Haycox,"Supplement Left Posterior Tibial Artery with Synthetic Substitute, Percutaneous Endoscopic Approach",104,false,393,5/3/2021,11/3/2020
4,http://dummyimage.com/227x100.png/5fa2dd/ffffff,Lilias Gavrielli,"Revision of Autologous Tissue Substitute in Upper Vein, Percutaneous Endoscopic Approach",146,false,178,3/21/2021,7/2/2021
5,http://dummyimage.com/158x100.png/5fa2dd/ffffff,Nina Clutheram,"Transfusion of Allogeneic Unrelated Bone Marrow into Central Vein, Open Approach",353,false,500,11/13/2020,3/26/2021
6,http://dummyimage.com/130x100.png/5fa2dd/ffffff,Flora Labone,High Dose Rate (HDR) Brachytherapy of Sinuses using Other Isotope,397,true,389,9/19/2020,6/26/2021
7,http://dummyimage.com/214x100.png/cc0000/ffffff,Diane-marie Willshee,"Replacement of Left Upper Arm Subcutaneous Tissue and Fascia with Autologous Tissue Substitute, Percutaneous Approach",262,true,952,5/12/2021,12/5/2020
8,http://dummyimage.com/230x100.png/ff4444/ffffff,Annie Maffia,"Restriction of Common Bile Duct with Intraluminal Device, Via Natural or Artificial Opening Endoscopic",290,false,914,7/30/2021,8/17/2021
9,http://dummyimage.com/155x100.png/5fa2dd/ffffff,Daryle Matas,"Reposition Left Upper Leg Tendon, Open Approach",394,true,242,10/30/2020,2/22/2021
10,http://dummyimage.com/179x100.png/dddddd/000000,Nester De Vile,"Restriction of Left External Iliac Vein with Intraluminal Device, Percutaneous Approach",134,true,347,6/16/2021,6/10/2021
11,http://dummyimage.com/226x100.png/dddddd/000000,Avictor Tarver,"Restriction of Right Common Carotid Artery with Extraluminal Device, Open Approach",308,false,685,3/19/2021,3/27/2021
12,http://dummyimage.com/104x100.png/cc0000/ffffff,Angela Chrestien,"Repair Right Toe Phalangeal Joint, Open Approach",395,true,805,2/27/2021,11/24/2020
13,http://dummyimage.com/143x100.png/dddddd/000000,Roshelle Coupland,"Bypass Superior Vena Cava to Pulmonary Trunk with Synthetic Substitute, Open Approach",155,false,616,8/12/2021,8/24/2021
14,http://dummyimage.com/114x100.png/5fa2dd/ffffff,Olivier Coskerry,"Extirpation of Matter from Left Internal Mammary Lymphatic, Open Approach",128,true,200,8/9/2021,10/21/2020
15,http://dummyimage.com/205x100.png/cc0000/ffffff,Madlin Mc Elory,"Excision of Left Submaxillary Gland, Open Approach, Diagnostic",268,true,640,11/9/2020,1/14/2021
16,http://dummyimage.com/127x100.png/cc0000/ffffff,Shel Tatterton,"Revision of Autologous Tissue Substitute in Right Ear, Percutaneous Endoscopic Approach",340,false,709,4/19/2021,12/1/2020
17,http://dummyimage.com/235x100.png/cc0000/ffffff,Vlad Hansell,"Extirpation of Matter from Right Glenoid Cavity, Percutaneous Endoscopic Approach",110,true,806,12/28/2020,5/7/2021
18,http://dummyimage.com/244x100.png/5fa2dd/ffffff,Regina Vandrill,"Insertion of Infusion Device into Left Hand, Percutaneous Endoscopic Approach",329,false,667,10/23/2020,5/6/2021
19,http://dummyimage.com/193x100.png/cc0000/ffffff,Justen Petzolt,"Drainage of Splenic Artery with Drainage Device, Open Approach",235,true,744,6/21/2021,7/1/2021
20,http://dummyimage.com/150x100.png/ff4444/ffffff,Gianina Shardlow,"Reposition Right Sternoclavicular Joint with Internal Fixation Device, Percutaneous Approach",105,false,678,12/2/2020,6/8/2021
21,http://dummyimage.com/147x100.png/cc0000/ffffff,Melony Howler,Computerized Tomography (CT Scan) of Left Calcaneus,244,false,720,6/16/2021,2/13/2021
22,http://dummyimage.com/104x100.png/5fa2dd/ffffff,Bink Valentin,"Supplement Thoracic Aorta, Ascending/Arch with Zooplastic Tissue, Percutaneous Endoscopic Approach",142,true,528,1/18/2021,7/14/2021
23,http://dummyimage.com/149x100.png/5fa2dd/ffffff,Mady Bottleson,"Replacement of Pharynx with Autologous Tissue Substitute, Via Natural or Artificial Opening",369,false,509,2/16/2021,3/4/2021
24,http://dummyimage.com/235x100.png/5fa2dd/ffffff,Karia Solloway,"Drainage of Esophageal Vein with Drainage Device, Percutaneous Approach",355,false,275,12/26/2020,3/31/2021
25,http://dummyimage.com/108x100.png/5fa2dd/ffffff,Kristien Fassman,"Drainage of Right Vertebral Artery, Percutaneous Approach",129,true,418,12/9/2020,10/23/2020
26,http://dummyimage.com/172x100.png/cc0000/ffffff,Marje Fant,"Supplement Right Colic Artery with Autologous Tissue Substitute, Percutaneous Endoscopic Approach",356,false,984,11/28/2020,12/8/2020
27,http://dummyimage.com/135x100.png/cc0000/ffffff,Allard Fitter,"Replacement of Chordae Tendineae with Nonautologous Tissue Substitute, Open Approach",140,false,864,5/26/2021,8/5/2021
28,http://dummyimage.com/236x100.png/cc0000/ffffff,Corbett Rigg,"Revision of External Fixation Device in Left Wrist Joint, Open Approach",220,true,342,4/12/2021,11/20/2020
29,http://dummyimage.com/243x100.png/5fa2dd/ffffff,Noah Kyles,"Supplement Right Basilic Vein with Autologous Tissue Substitute, Percutaneous Endoscopic Approach",357,false,574,7/14/2021,2/9/2021
30,http://dummyimage.com/240x100.png/ff4444/ffffff,Judon Denney,"Fusion of Right Hip Joint, Percutaneous Endoscopic Approach",296,false,652,9/2/2021,10/13/2020
31,http://dummyimage.com/198x100.png/5fa2dd/ffffff,Charlie Sacks,Immobilization of Left Toe using Cast,345,true,232,7/2/2021,6/19/2021
32,http://dummyimage.com/220x100.png/ff4444/ffffff,Dominique Armin,"Supplement Right Metatarsal-Tarsal Joint with Autologous Tissue Substitute, Percutaneous Endoscopic Approach",177,false,391,10/18/2020,1/9/2021
33,http://dummyimage.com/121x100.png/dddddd/000000,Evey Proom,"Bypass Jejunum to Anus with Synthetic Substitute, Percutaneous Endoscopic Approach",240,false,373,7/31/2021,7/11/2021
34,http://dummyimage.com/134x100.png/dddddd/000000,Yurik Berringer,"Drainage of Anterior Neck Subcutaneous Tissue and Fascia, Open Approach, Diagnostic",314,false,730,2/13/2021,12/5/2020
35,http://dummyimage.com/109x100.png/dddddd/000000,Oralle Durker,"Drainage of Left Superior Parathyroid Gland with Drainage Device, Open Approach",226,true,420,10/7/2020,8/8/2021
36,http://dummyimage.com/167x100.png/5fa2dd/ffffff,Nikolos Cullimore,"Dilation of Right Radial Artery with Four or More Intraluminal Devices, Percutaneous Endoscopic Approach",277,true,726,5/19/2021,1/12/2021
37,http://dummyimage.com/108x100.png/dddddd/000000,Sharla Yarker,Change Intermittent Pressure Device on Right Upper Extremity,103,true,342,7/7/2021,1/28/2021
38,http://dummyimage.com/200x100.png/5fa2dd/ffffff,Muffin Ingrem,"Reposition Left Radius with Internal Fixation Device, Percutaneous Endoscopic Approach",384,true,875,6/10/2021,4/15/2021
39,http://dummyimage.com/136x100.png/ff4444/ffffff,Gabrielle Errol,"Release Superior Mesenteric Vein, Open Approach",283,true,882,5/12/2021,2/18/2021
40,http://dummyimage.com/231x100.png/5fa2dd/ffffff,Debi Goodson,"Change Other Device in Lymphatic, External Approach",389,true,408,4/28/2021,6/23/2021
41,http://dummyimage.com/222x100.png/cc0000/ffffff,Susette Corringham,"Restriction of Left Renal Artery with Intraluminal Device, Open Approach",329,false,320,1/4/2021,4/13/2021
42,http://dummyimage.com/126x100.png/5fa2dd/ffffff,Florella Tonry,"Repair Left Lower Extremity, Percutaneous Endoscopic Approach",246,true,938,3/7/2021,9/14/2021
43,http://dummyimage.com/153x100.png/5fa2dd/ffffff,Teriann Fanthom,"Drainage of Left Greater Saphenous Vein, Open Approach, Diagnostic",148,false,311,10/15/2020,9/27/2020
44,http://dummyimage.com/133x100.png/ff4444/ffffff,Elfrida Stracey,"Imaging, Skull and Facial Bones, Computerized Tomography (CT Scan)",397,false,330,7/14/2021,4/27/2021
45,http://dummyimage.com/170x100.png/5fa2dd/ffffff,Renell Stickler,"Destruction of Right Upper Arm Subcutaneous Tissue and Fascia, Percutaneous Approach",400,true,998,8/26/2021,9/28/2020
46,http://dummyimage.com/105x100.png/cc0000/ffffff,Anetta Jurczyk,"Wound Management Treatment of Musculoskeletal System - Upper Back / Upper Extremity using Assistive, Adaptive, Supportive or Protective Equipment",111,true,305,8/31/2021,9/26/2020
47,http://dummyimage.com/194x100.png/dddddd/000000,Harmonie Dinning,"Occlusion of Left Internal Iliac Artery with Extraluminal Device, Open Approach",182,true,457,6/6/2021,5/3/2021
48,http://dummyimage.com/162x100.png/dddddd/000000,Pepillo Northrop,"Revision of Extraluminal Device in Upper Vein, Open Approach",173,false,923,1/31/2021,5/22/2021
49,http://dummyimage.com/236x100.png/5fa2dd/ffffff,Archibaldo Josefsen,"Transfer Tongue, External Approach",208,true,829,11/30/2020,3/29/2021
50,http://dummyimage.com/123x100.png/cc0000/ffffff,Walt Gorick,"Computerized Tomography (CT Scan) of Pancreas using Low Osmolar Contrast, Unenhanced and Enhanced",117,true,980,1/22/2021,5/12/2021
